[
    {
        "bookId":1,
        "bookTitle":"Android for Expert",
        "bookAuthor":"George R.R",
        "bookYearOfPublish":1996
    },
    {
        "bookId":2,
        "bookTitle":"Complete to Reference",
        "bookAuthor":"George P.R Martin",
        "bookYearOfPublish":1998
    },
    {
        "bookId":3,
        "bookTitle":"Back bone JS",
        "bookAuthor":"Kalvin R V",
        "bookYearOfPublish":2000
    },
    {
        "bookId":4,
        "bookTitle":"Knock Out JS",
        "bookAuthor":"J.J Markin",
        "bookYearOfPublish":2005
    },
    {
        "bookId":5,
        "bookTitle":"Pointer in C",
        "bookAuthor":"Y P Kanitkar",
        "bookYearOfPublish":2011
    },
    {
        "bookId":6,
        "bookTitle":"Big Data",
        "bookAuthor":"Pearson D A",
        "bookYearOfPublish":2011
    },
    {
        "bookId":7,
        "bookTitle":"A dream of Spring",
        "bookAuthor":"George R.R.Martin",
        "bookYearOfPublish":2012
},
{
    "bookId":8,
    "bookTitle":"The Philosophers stone",
    "bookAuthor":"J,K,Rowling",
    "bookYearOfPublish":1997
},
{
    "bookId":9,
    "bookTitle":"The Chamber Of Secrets",
    "bookAuthor":"J,K,Rowling",
    "bookYearOfPublish":1998
},
{
    "bookId":10,
    "bookTitle":"The Prisoner Of Azkaban ",
    "bookAuthor":"J,K,Rowling",
    "bookYearOfPublish":1999
}
]
